Name,School,PA,OBP,wOBA,ISO,BB%,K%,BABIP,wRC+,HR/PA,OnBase_Ability,Power,OP,OPAR
"Swinney, Mason",Alabama,77,0.408,0.331,0.054,0.2078,0.2857,0.361,91.95,0.0,0.363455684870188,0.04496824276640791,0.046669152864942824,-0.011507265186484109
"Hamiter, William",Alabama,99,0.384,0.376,0.193,0.1111,0.202,0.349,103.75,0.0202020202,0.36851969561324976,0.16409871474057872,0.05814504775462152,-3.1370296805409426e-05
"Eblin, Bryce",Alabama,163,0.327,0.342,0.182,0.0429,0.135,0.281,94.65,0.03680981595,0.31580259623992846,0.15771625009184898,0.0506762297017791,-0.007500188349647829
"Snell, Kade",Alabama,167,0.389,0.392,0.183,0.0898,0.1078,0.333,108.0,0.03592814371,0.36989659803043873,0.15840153144620325,0.058313447112448895,0.0001370290610219621
"Guscette, Mac",Alabama,195,0.418,0.384,0.121,0.0513,0.0974,0.336,105.75,0.02051282051,0.37626141450313344,0.10419304055107269,0.052406863266251574,-0.005769554785175358
"Sleight, Evan",Alabama,196,0.354,0.354,0.184,0.0918,0.2449,0.339,97.95,0.0306122449,0.34859489704565805,0.15834516728390968,0.05428203774369538,-0.0038943803077315514
"Hodo, Will",Alabama,244,0.393,0.389,0.227,0.1393,0.1967,0.291,106.97,0.04508196721,0.3548111011638317,0.19657334243385324,0.06088360252909992,0.002707184477672986
"Lebron, Justin",Alabama,254,0.429,0.426,0.208,0.0787,0.2087,0.399,116.78,0.04724409449,0.4171141450313339,0.1811128090290261,0.06429588679158531,0.006119468740158375
"Mccants, Tj",Alabama,265,0.374,0.411,0.277,0.083,0.2453,0.361,112.87,0.05660377358,0.3825819158460161,0.24013768125508825,0.06634852712355133,0.008172109072124394
"Petrutz, Ian",Alabama,267,0.447,0.413,0.158,0.1124,0.0974,0.342,113.32,0.02247191011,0.39697358997314236,0.13533228136631617,0.059615596494377594,0.0014391784429506616
"Miller, Gage",Alabama,268,0.474,0.498,0.321,0.1007,0.0896,0.357,135.73,0.0671641791,0.44044538943598927,0.2785447497859563,0.07919143801261842,0.02101501996119149
"Rogers, Brandon",Arizona,78,0.284,0.245,0.046,0.0897,0.3846,0.324,69.36,0.01282051282,0.28443017009847804,0.040450572715836276,0.03303808775470411,-0.02513833029672282
"Cain, Andrew",Arizona,112,0.357,0.383,0.23,0.0982,0.3036,0.387,105.42,0.04464285714,0.3771324977618622,0.19899813489215246,0.06110919260443926,0.0029327745530123295
"Mcdonald, Blake",Arizona,113,0.404,0.369,0.121,0.115,0.0973,0.316,101.74,0.01769911504,0.3597408236347359,0.1037224349078899,0.052283815856931655,-0.005892602194495278
"Guzman, Adonys",Arizona,164,0.384,0.328,0.059,0.1585,0.1159,0.299,91.04,0.006097560976,0.33329230080572964,0.050151815067968945,0.044711540029099044,-0.013464878022327889
"Breyfogle, Easton",Arizona,166,0.366,0.338,0.129,0.1145,0.2289,0.34,93.61,0.006024096386,0.346591763652641,0.10843169431438393,0.049649080382638856,-0.008527337668788076
"Mihalakis, Maddox",Arizona,184,0.311,0.306,0.127,0.0761,0.2174,0.317,85.38,0.01630434783,0.3113692927484333,0.10848562486641497,0.0448850403922649,-0.01329137765916203
"Morales, Richie",Arizona,190,0.397,0.34,0.059,0.1158,0.1316,0.333,94.28,0.0,0.3535008952551477,0.04913196894848271,0.04545836184171105,-0.012718056209715882
"Splaine, Tommy",Arizona,208,0.304,0.298,0.131,0.0433,0.2692,0.296,83.12,0.02403846154,0.29896598030438676,0.11311017317218068,0.04245497180318341,-0.015721446248243523
"Corona, Emilio",Arizona,236,0.322,0.334,0.182,0.0593,0.2797,0.347,92.61,0.02542372881,0.33531110116383167,0.15581187277908962,0.05122852436231522,-0.006947893689111716
"Caulfield, Garen",Arizona,276,0.391,0.378,0.159,0.0942,0.1304,0.343,104.12,0.01811594203,0.3690425246195166,0.13543647019132674,0.0556437349262931,-0.0025326831251338347
"Summerhill, Brendan",Arizona,279,0.399,0.408,0.226,0.1111,0.129,0.345,111.97,0.02867383513,0.3827685765443151,0.19299625894552577,0.06366802726795145,0.005491609216524522
"White, Mason",Arizona,279,0.392,0.426,0.298,0.1183,0.3047,0.391,116.89,0.06810035842,0.40383034914950766,0.2595481897992519,0.07092707744655748,0.012750659395130544
"Wagner, Jack",Arkansas,61,0.344,0.365,0.24,0.0984,0.1967,0.263,100.87,0.04918032787,0.32234198746642795,0.20808450085052224,0.057409444363033565,-0.0007669736883933673
"Jones, Jayson",Arkansas,83,0.301,0.315,0.209,0.0964,0.3133,0.238,87.6,0.04819277108,0.2833182632050134,0.18210422494422018,0.04886388849655916,-0.00931252955486777
"Helfrick, Ryder",Arkansas,104,0.32,0.298,0.142,0.1346,0.2692,0.222,83.12,0.02884615385,0.2767985675917637,0.12307448021344389,0.04355873569596592,-0.014617682355461015
"Lovich, Ross",Arkansas,106,0.408,0.375,0.143,0.1132,0.2264,0.373,103.39,0.01886792453,0.3835559534467323,0.12223831906394494,0.05515232335825903,-0.003024094693167903
"Edmunson, Will",Arkansas,107,0.362,0.321,0.092,0.1028,0.1121,0.267,89.24,0.009345794393,0.31306714413607883,0.07817569038189202,0.043958172347201924,-0.014218245704225009
"Souza, Nolan",Arkansas,132,0.366,0.381,0.254,0.1364,0.2879,0.318,104.98,0.05303030303,0.3540819158460161,0.22038686084552578,0.062064166062588216,0.0038877480111612836
"Wilmsmeyer, Ty",Arkansas,137,0.319,0.272,0.042,0.1022,0.2409,0.289,76.41,0.007299270073,0.29133795881826324,0.03619613761983134,0.0355165127145656,-0.02265990533686133
"Holt, Peyton",Arkansas,177,0.412,0.404,0.185,0.0904,0.1412,0.342,111.06,0.04519774011,0.38390778871978515,0.1616174060734439,0.05978142109853667,0.0016050030471097404
"White, Hudson",Arkansas,187,0.396,0.4,0.228,0.123,0.1497,0.315,109.98,0.04278074866,0.3682466427931961,0.19702119790573044,0.06255771503900405,0.004381296987577117
"Sprague-Lott, Jared",Arkansas,214,0.425,0.405,0.201,0.1682,0.1729,0.32,111.43,0.04205607477,0.3799932855863921,0.17441587136237827,0.06241551766329933,0.004239099611872396
"Stovall, Peyton",Arkansas,230,0.409,0.409,0.195,0.087,0.1783,0.383,112.3,0.03913043478,0.3996311548791406,0.16893007271902613,0.061710955433955474,0.003534537382528541
"Diggs, Kendall",Arkansas,246,0.346,0.331,0.166,0.1382,0.2358,0.28,91.97,0.02845528455,0.31683930170098484,0.14299499113503883,0.050567329896833706,-0.007609088154593227
"Mclaughlin, Ben",Arkansas,262,0.447,0.414,0.188,0.1908,0.1145,0.311,113.74,0.03435114504,0.3861615935541629,0.1623014970885533,0.06318066001683632,0.005004241965409391
"Aloy, Wehiwa",Arkansas,274,0.355,0.367,0.215,0.0912,0.2007,0.292,101.42,0.05109489051,0.33660116383169203,0.18758608966187015,0.05657745859424996,-0.0015989594571769739
"Button, Nico",California,56,0.4,0.366,0.107,0.125,0.2143,0.4,101.06,0.01785714286,0.3878093106535363,0.09209043250375441,0.05293263867940212,-0.005243779372024811
"Thomas, Matthew",California,65,0.154,0.214,0.206,0.0154,0.3231,0.128,61.21,0.06153846154,0.16614413607878248,0.1818381195377417,0.03363449488095942,-0.024541923170467515
"Tayman, Ryan",California,72,0.306,0.37,0.298,0.0556,0.3889,0.333,102.05,0.08333333333,0.3386763652641003,0.2620959774165208,0.061259382936991236,0.003082964885564303
"Crawford, Carson",California,74,0.338,0.319,0.143,0.1351,0.3243,0.324,88.68,0.02702702703,0.3261427931960609,0.12360296782364855,0.04834605001762821,-0.00983036803379872
"Ritch, Alec",California,98,0.406,0.352,0.091,0.1429,0.2959,0.404,97.34,0.01020408163,0.3859176365264101,0.07748649777438955,0.05064533010713329,-0.007531087944293642
"Burden, Jag",California,127,0.368,0.35,0.105,0.0709,0.1339,0.354,96.85,0.007874015748,0.35650134288272156,0.08875521646596754,0.04868930965580282,-0.009487108395624111
"Gwynn, Seth",California,183,0.425,0.409,0.196,0.1202,0.1639,0.345,112.42,0.03825136612,0.39043598925693823,0.16961578953453776,0.06186249794258483,0.0036860798911578993
"Schulze, Peyton",California,248,0.375,0.399,0.229,0.0806,0.2056,0.373,109.81,0.04032258065,0.3828845120859445,0.19744280283278054,0.06234172944419538,0.004165311392768448
"Advincula, Jarren",California,248,0.404,0.38,0.133,0.1048,0.0645,0.33,104.7,0.02016129032,0.3687296329453895,0.11412718828923078,0.05450034574894408,-0.0036760723024828537
"Handron, Max",California,250,0.388,0.37,0.169,0.124,0.192,0.331,102.03,0.024,0.3610067144136079,0.1447480592801694,0.055769408661103914,-0.0024070093903230186
"Green Jr., Rodney",California,257,0.409,0.42,0.282,0.1673,0.2802,0.339,115.19,0.05447470817,0.3877202327663384,0.2439453111053564,0.06917029469269584,0.010993876641268906
"Lomavita, Caleb",California,258,0.395,0.427,0.264,0.0465,0.1667,0.339,117.04,0.05813953488,0.386294538943599,0.2295688565748483,0.06564927343070875,0.007472855379281822
"Moutzouridis, PJ",California,262,0.389,0.373,0.158,0.1107,0.1603,0.343,103.02,0.02290076336,0.36668755595344676,0.13540400911525757,0.055452474199878976,-0.0027239438515479567
"Jarrell, Jacob",Clemson,112,0.402,0.41,0.247,0.1161,0.2768,0.379,112.6,0.05357142857,0.39658057296329463,0.21464815001488358,0.06571530784793105,0.007538889796504113
"Ciufo, Andrew",Clemson,116,0.378,0.343,0.107,0.1293,0.25,0.375,95.04,0.01724137931,0.36436974037600717,0.09198744311677488,0.05001217027623527,-0.00816424777519166
"Crighton, Jack",Clemson,125,0.376,0.34,0.072,0.072,0.136,0.365,94.2,0.0,0.35912846911369745,0.059957657021877206,0.04596026413027889,-0.01221615392114804
"Nawrocki, Nolan",Clemson,143,0.362,0.345,0.14,0.0909,0.2028,0.322,95.56,0.02797202797,0.3414910474485229,0.12126278802321103,0.050122193473482644,-0.008054224577944288
"Taylor, Will",Clemson,145,0.465,0.427,0.25,0.2276,0.1793,0.239,117.18,0.04827586207,0.36993822739480753,0.21626067700112211,0.06724133238536759,0.009064914333940653
"Bissetta, Tristan",Clemson,157,0.414,0.411,0.204,0.1338,0.2166,0.376,112.95,0.03821656051,0.39923142345568485,0.17627193002178546,0.06322845575471948,0.0050520377032925515
"Purify, Jarren",Clemson,192,0.342,0.315,0.101,0.0781,0.25,0.336,87.69,0.015625,0.33015711727842434,0.08672062455892732,0.04430537499340247,-0.01387104305802446
"Hinderleider, Jacob",Clemson,258,0.411,0.43,0.251,0.0969,0.2403,0.412,117.89,0.0503875969,0.4181727842435094,0.217446619947283,0.06831908214240731,0.010142664090980379
"Obertop, Jimmy",Clemson,261,0.433,0.456,0.338,0.1762,0.2874,0.371,124.71,0.07662835249,0.41890555058191586,0.2942843468878829,0.07802653744243328,0.019850119391006345
"Cannarella, Cam",Clemson,272,0.423,0.437,0.221,0.1213,0.1581,0.384,119.75,0.03676470588,0.4139664279319607,0.19018576943793933,0.06670762100096912,0.00853120294954219
"Wright, Blake",Clemson,274,0.376,0.43,0.309,0.0547,0.1241,0.308,117.91,0.07664233577,0.3708585496866607,0.27013707380203955,0.06897488779742929,0.010798469746002355
"Mathes, Alden",Clemson,274,0.45,0.42,0.193,0.1533,0.1679,0.352,115.19,0.03284671533,0.40393017009847804,0.16621360023515175,0.0638400993414803,0.005663681290053367
"Pendergrass, Dariyan",College of Charleston,118,0.381,0.343,0.08,0.1017,0.1271,0.353,94.9,0.0,0.35728558639212177,0.0666196189131969,0.047380595409849326,-0.010795822641577607
"Sorrentino, Tyler",College of Charleston,146,0.371,0.347,0.131,0.1233,0.1849,0.337,95.95,0.01369863014,0.3501432408236348,0.11138078711586451,0.05114743241088929,-0.007028985640537645
"Singsank, Cole",College of Charleston,233,0.421,0.45,0.338,0.133,0.2275,0.322,123.15,0.07725321888,0.3957242614145031,0.2943888587682146,0.07507356518809816,0.016897147136671224
"Johnson, Dylan",College of Charleston,237,0.346,0.321,0.094,0.0759,0.0928,0.291,89.29,0.01687763713,0.3172175470008953,0.08110091743105857,0.04423148289921634,-0.01394493515221059
"Baumhofer, Will",College of Charleston,240,0.473,0.425,0.148,0.1875,0.15,0.396,116.43,0.01666666667,0.4280434198746643,0.12603387438305574,0.06343387092502069,0.005257452873593756
"Madden, Kevin",College of Charleston,243,0.368,0.398,0.242,0.0741,0.1111,0.311,109.59,0.05349794239,0.3582170993733214,0.21047213291914607,0.06202272425440912,0.0038463062029821873
"Wood, Luke",College of Charleston,249,0.422,0.407,0.193,0.1205,0.1647,0.352,111.74,0.03212851406,0.3913979409131602,0.16609347765153143,0.06159665971791064,0.003420241666483706
"Mathis, Cole",College of Charleston,254,0.472,0.477,0.315,0.1811,0.126,0.342,130.27,0.05511811024,0.4269485228290063,0.2715335159681581,0.07870664363168468,0.02053022558025775
"Neaves, Avery",College of Charleston,265,0.475,0.498,0.377,0.166,0.2415,0.423,135.6,0.05660377358,0.46450895255147717,0.32341220489658434,0.08639377328380389,0.028217355232376957
"Harlan, Trotter",College of Charleston,266,0.377,0.37,0.182,0.1128,0.1165,0.302,102.24,0.02631578947,0.34746463742166517,0.15596107417388144,0.056111823869738994,-0.0020645941816879385
"Nerat, Joey",DBU,105,0.362,0.384,0.276,0.1238,0.2571,0.286,105.9,0.04761904762,0.3425022381378693,0.23780219780235712,0.06266676629700532,0.004490348245578389
"Pendergast, Alex",DBU,192,0.363,0.394,0.262,0.0885,0.1458,0.306,108.5,0.046875,0.3535756490599821,0.22601931898376854,0.06309642282818334,0.004920004776756408
"Poole, Tom",DBU,203,0.488,0.502,0.352,0.1626,0.2463,0.443,136.77,0.06403940887,0.47680438675022385,0.3038372194087438,0.0855366159811518,0.027360197929724862
"Humphreys, Nathan",DBU,233,0.319,0.311,0.151,0.103,0.2232,0.262,86.68,0.02575107296,0.29559221128021484,0.13005152031864503,0.04607568927999345,-0.012100728771433485
"Heefner, Luke",DBU,236,0.364,0.355,0.165,0.0763,0.1949,0.331,98.28,0.02118644068,0.34888182632050135,0.14094649713561044,0.05270027207951658,-0.0054761459719103525
"Dattalo, Michael",DBU,256,0.395,0.396,0.172,0.0703,0.1406,0.377,108.98,0.03125,0.38887242614145034,0.14845889202540577,0.058405100163796304,0.00022868211236937164
"Jay, Grant",DBU,261,0.414,0.452,0.353,0.1303,0.3142,0.377,123.69,0.08045977011,0.41429230080572965,0.3074163482823359,0.07730411956328616,0.019127701511859226
"Mann, Ethan",DBU,272,0.412,0.443,0.317,0.1176,0.2022,0.352,121.29,0.05882352941,0.4014946284691137,0.2738187554482498,0.07345023765243008,0.015273819601003151
"Krauss, Chayton",DBU,272,0.415,0.45,0.268,0.0735,0.2279,0.426,122.98,0.05882352941,0.43151298119964193,0.23301423886391676,0.07093553899254554,0.012759120941118605
"Santos, Miguel",DBU,278,0.381,0.396,0.203,0.0576,0.1223,0.333,108.81,0.04676258993,0.36908191584601613,0.1768685489156034,0.05909797514113936,0.0009215570897124284
"Yu, Andrew",Duke,50,0.34,0.379,0.245,0.02,0.2,0.324,104.58,0.06,0.34821799462846914,0.21405786873676783,0.058695006240692855,0.0005185881892659228
"Albright, Tyler",Duke,61,0.288,0.273,0.093,0.082,0.3279,0.333,76.56,0.01639344262,0.2988370635631155,0.08018718835634439,0.03929821563781061,-0.018878202413616325
"Johnson, Kyle",Duke,94,0.398,0.387,0.227,0.1809,0.3511,0.41,106.57,0.03191489362,0.3983800358102059,0.194371086653451,0.06461125492190761,0.00643483687048068
"Krewson, Chase",Duke,151,0.417,0.392,0.138,0.1258,0.2119,0.404,107.95,0.03311258278,0.40335183527305285,0.12045707982982358,0.05766718918712969,-0.0005092288642972453
"Winslow, Macon",Duke,153,0.34,0.325,0.136,0.0915,0.2549,0.319,90.3,0.02614379085,0.32705461056401075,0.11762602571026819,0.04751028633693551,-0.01066613171449142
"Obee, Devin",Duke,258,0.399,0.427,0.29,0.1124,0.2326,0.349,116.97,0.06201550388,0.39102238137869294,0.2518685070003952,0.06946976385972194,0.011293345808295004
"Clark, Wallace",Duke,258,0.451,0.402,0.161,0.1434,0.186,0.345,110.46,0.01937984496,0.3952350044762758,0.13731335444990828,0.05935359437329046,0.001177176321863524
"Miller, Ben",Duke,260,0.438,0.468,0.285,0.0654,0.1808,0.404,127.81,0.05769230769,0.4365049239033125,0.2469817056616302,0.07332588156848871,0.015149463517061777
"Bravo, Logan",Duke,273,0.432,0.456,0.315,0.1575,0.2271,0.359,124.76,0.06227106227,0.4143003581020591,0.2727298812688709,0.07551512386471064,0.017338705813283707
"Stone, Alex",Duke,274,0.365,0.396,0.235,0.0401,0.1752,0.337,108.9,0.04744525547,0.36602551477170997,0.20363057554438252,0.06042013889653948,0.002243720845112547
"Gracia, AJ",Duke,278,0.44,0.435,0.254,0.1727,0.1978,0.346,119.13,0.05035971223,0.4043352730528201,0.21994019181263938,0.0696703891023455,0.011493971050918574
"Morris, Zac",Duke,296,0.439,0.455,0.286,0.1318,0.1993,0.384,124.37,0.06081081081,0.4249180841539839,0.24833603540011998,0.07377348575358002,0.015597067702153085
"Clonch, Cam",ECU,61,0.4,0.373,0.14,0.1148,0.1803,0.342,103.0,0.03278688525,0.3694194270367055,0.12206809583927314,0.05421142634217001,-0.003964991709256925
"Wallace, Colby",ECU,81,0.363,0.309,0.043,0.1235,0.2099,0.346,86.1,0.0,0.33751253357206806,0.03580804516584333,0.04152096012411004,-0.016655457927316895
"Nowak, Luke",ECU,100,0.347,0.316,0.124,0.16,0.14,0.242,87.88,0.02,0.2980492390331244,0.10660550458715597,0.04649872387702972,-0.011677694174397214
"Carter, Bristol",ECU,187,0.406,0.374,0.094,0.0642,0.123,0.387,103.11,0.01069518717,0.38767994628469116,0.08006687322462244,0.05115683310332199,-0.007019584948104944
"Mccrystal, Ryan",ECU,212,0.402,0.404,0.175,0.0755,0.1132,0.365,110.96,0.03301886792,0.38938451208594455,0.15125297932042345,0.05924436695774913,0.001067948906322197
"Starling, Jacob",ECU,237,0.404,0.395,0.218,0.1013,0.1097,0.278,108.71,0.03797468354,0.3553701880035811,0.1878899082561609,0.06010159801886448,0.0019251799674375458
"Williams, Dixon",ECU,249,0.406,0.398,0.182,0.1004,0.1124,0.32,109.59,0.03614457831,0.372142345568487,0.1576049859276429,0.058707432567229614,0.0005310145158026816
"Berini, Joey",ECU,254,0.31,0.289,0.104,0.0787,0.1378,0.247,80.82,0.0157480315,0.279769024171889,0.0892394378726182,0.04047830588691106,-0.017698112164515875
"Wilcoxen, Justin",ECU,265,0.369,0.382,0.209,0.0868,0.1774,0.312,105.3,0.05283018868,0.35312175470008955,0.1828798551285533,0.058073525469055066,-0.00010289258237186627
"Johnson, Ryley",ECU,289,0.461,0.415,0.137,0.1488,0.1349,0.39,113.98,0.01384083045,0.41892256042972253,0.11640104221358506,0.06055717646338861,0.0023807584119616768
"Jenkins-Cowart, Jacob",ECU,299,0.386,0.407,0.218,0.0702,0.1405,0.356,111.79,0.04347826087,0.3827193375111907,0.18881040778136204,0.06196090503499361,0.003784486983566676
"Cunningham, Carter",ECU,307,0.464,0.481,0.286,0.1238,0.1238,0.373,131.16,0.05537459283,0.4373043867502239,0.24742680204707831,0.0757785731999131,0.01760215514848617
"Albert, Armando",Florida,51,0.431,0.335,0.028,0.1961,0.2157,0.28,93.05,0.0,0.34216786034019697,0.023316866619618914,0.04263011037375165,-0.01554630767767528
"Wilson, Ashton",Florida,54,0.407,0.403,0.192,0.0741,0.2407,0.424,110.75,0.01851851852,0.4116915846016115,0.16298439582868032,0.061266839111685505,0.003090421060258572
"Guy, Jaylen",Florida,64,0.344,0.268,0.021,0.1406,0.1563,0.179,75.3,0.0,0.2572940913160251,0.017487649964714188,0.03193871570779807,-0.026237702343628863
"Garrison, Tanner",Florida,71,0.348,0.317,0.105,0.0563,0.1268,0.265,88.25,0.01408450704,0.30697672336615933,0.08979395071875794,0.043052059656002,-0.015124358395424933
"Yost, Hayden",Florida,81,0.4,0.349,0.074,0.0988,0.2222,0.388,96.59,0.0,0.3773898836168308,0.061623147494707126,0.047776977393322796,-0.010399440658104137
"Donay, Brody",Florida,161,0.333,0.373,0.265,0.0621,0.3727,0.361,102.96,0.06832298137,0.3574315129811997,0.2321048317464291,0.06055581697553612,0.00237939892410919
"Robertson, Michael",Florida,164,0.313,0.304,0.115,0.0549,0.2317,0.327,84.72,0.01219512195,0.3148178155774396,0.09780539442635851,0.04338296202572787,-0.014793456025699064
"Thomas, Dale",Florida,164,0.34,0.314,0.133,0.1402,0.1829,0.25,87.4,0.01829268293,0.2982470904207699,0.11381465480198308,0.04619131781692856,-0.01198510023449837
"Evans, Ty",Florida,224,0.406,0.427,0.264,0.0848,0.2589,0.39,116.95,0.05803571429,0.40776410026857657,0.2295514920866126,0.06787945972937537,0.009703041677948436
"Kurland, Cade",Florida,256,0.341,0.362,0.233,0.0664,0.2578,0.292,100.04,0.0546875,0.3308728737690242,0.2031763849682428,0.05618170432300752,-0.0019947137284194102
"Shelnut, Tyler",Florida,261,0.365,0.391,0.268,0.1073,0.2835,0.336,107.49,0.05363984674,0.3638724261414503,0.23214724324444605,0.06363427820667363,0.005457860155246692
"Heyman, Luke",Florida,275,0.353,0.368,0.238,0.0836,0.2291,0.272,101.72,0.05454545455,0.3291906893464638,0.20731635337215948,0.057265333158981246,-0.0009110848924456863
"Shelton, Colby",Florida,282,0.384,0.417,0.322,0.117,0.2447,0.278,114.56,0.07092198582,0.35763607878245307,0.2800060060969231,0.06872748148988059,0.010551063438453655
"Caglianone, Jac",Florida,285,0.526,0.623,0.437,0.1684,0.0807,0.36,168.55,0.1087719298,0.5009628469113698,0.3821022917167255,0.09866068099195291,0.04048426294052598
"Fisher, Cal",FSU,83,0.402,0.401,0.242,0.1325,0.2892,0.342,110.34,0.06024096386,0.38002103849597135,0.21159993538095978,0.06386755324832033,0.005691135196893397
"Holbrook, Mcgwire",FSU,91,0.352,0.334,0.123,0.0989,0.1319,0.299,92.76,0.02197802198,0.32644807520143243,0.10610359294937192,0.047999105557506395,-0.010177312493920537
"Ross, Deamez",FSU,115,0.345,0.319,0.118,0.1217,0.0696,0.25,88.61,0.01739130435,0.3014453894359893,0.10117271639446013,0.04615021170985049,-0.012026206341576445
"West, Jaxson",FSU,161,0.39,0.343,0.102,0.1491,0.1118,0.288,94.93,0.006211180124,0.33639346463742165,0.08597886357754976,0.048605755206473866,-0.009570662844953066
"Faurot, Drew",FSU,222,0.365,0.372,0.199,0.0991,0.2117,0.356,102.76,0.02702702703,0.3642667860340197,0.1702367010628864,0.057871163048032144,-0.0003052550033947887
"Lodise, Alex",FSU,231,0.356,0.357,0.176,0.0693,0.2727,0.374,98.79,0.0303030303,0.3628446732318711,0.1516314877777699,0.0541750881887475,-0.004001329862679433
"Williams, Max",FSU,232,0.377,0.406,0.272,0.0776,0.2112,0.336,111.61,0.05172413793,0.3726239928379589,0.23515781276599157,0.0650184089727604,0.006841990921333467
"Ferrer, Jaime",FSU,248,0.419,0.459,0.335,0.0887,0.1532,0.312,125.52,0.07661290323,0.39478558639212175,0.2917835272163091,0.07443141939084578,0.016255001339418852
"Cantu, Daniel",FSU,258,0.416,0.412,0.204,0.1202,0.2054,0.381,113.27,0.03100775194,0.4019538943598926,0.1750662224486803,0.06317186433558278,0.004995446284155845
"Dinges, Marco",FSU,261,0.419,0.429,0.27,0.1379,0.1264,0.318,117.71,0.05363984674,0.3861911369740376,0.23381273371727598,0.06909013260669157,0.010913714555264638
"Tibbs Iii, James",FSU,293,0.488,0.536,0.411,0.1809,0.1024,0.326,145.79,0.08532423208,0.4468352730528201,0.35652917643116444,0.0901005135888288,0.031924095537401866
"Smith, Cam",FSU,295,0.495,0.506,0.281,0.1254,0.1492,0.444,137.68,0.05423728814,0.480566696508505,0.24307285623795347,0.07979314589599516,0.02161672784456823
"Hunter, Henry",Georgia,88,0.379,0.383,0.236,0.1477,0.2614,0.326,105.55,0.04545454545,0.3613361683079678,0.204130365047036,0.061800416573648924,0.003623998522221991
"Jordan, Logan",Georgia,102,0.431,0.395,0.197,0.2059,0.2451,0.313,108.57,0.03921568627,0.37557206803939125,0.17060982190966129,0.06164308338904863,0.003466665337621695
"Murillo, Sebastian",Georgia,107,0.396,0.347,0.108,0.1776,0.1215,0.271,96.06,0.01869158879,0.3333885407341093,0.09306274279691602,0.049673773492001694,-0.008502644559425239
"Phelps, Tre",Georgia,151,0.437,0.473,0.323,0.0662,0.0993,0.327,129.19,0.06622516556,0.4102703670546106,0.28005318577115035,0.07497141548998992,0.01679499743856299
"Toetz, Paul",Georgia,160,0.45,0.425,0.173,0.1188,0.1938,0.424,116.61,0.025,0.4316674127126231,0.14824629498941425,0.06373009826023557,0.005553680208808635
"Gonzalez, Fernando",Georgia,191,0.36,0.384,0.243,0.0733,0.1623,0.297,105.9,0.04712041885,0.34590376007162044,0.21023820696362033,0.05997410076634769,0.0017976827149207564
"Chadwick, Clayton",Georgia,197,0.413,0.383,0.173,0.1371,0.1371,0.296,105.46,0.02030456853,0.36008370635631154,0.14746096170896966,0.05700750584119392,-0.0011689122102330127
"Goldstein, Dylan",Georgia,209,0.426,0.434,0.304,0.1388,0.1627,0.277,118.94,0.05741626794,0.37517770814682183,0.26275769619038813,0.07048074468489275,0.012304326633465819
"Collins, Corey",Georgia,234,0.581,0.561,0.42,0.235,0.1282,0.34,152.26,0.0811965812,0.4869870188003581,0.3633335142868031,0.09637222031296495,0.03819580226153802
"Branch, Kolby",Georgia,257,0.366,0.392,0.276,0.1206,0.1868,0.258,107.94,0.06614785992,0.3364055505819159,0.24090122992310517,0.06312788847282809,0.0049514704214011565
"Alford, Slate",Georgia,290,0.369,0.392,0.236,0.0828,0.2103,0.337,108.01,0.05517241379,0.36571575649059984,0.20575572481879323,0.061328995596159265,0.0031525775447323323
"Condon, Charlie",Georgia,294,0.561,0.695,0.583,0.1905,0.1327,0.408,187.49,0.1224489796,0.5539136078782454,0.5059706479641496,0.11741139511647063,0.059234977065043694
"Brown, Henry",Indiana State,79,0.321,0.269,0.065,0.1266,0.2405,0.209,75.62,0.01265822785,0.26199731423455686,0.056245589273429784,0.035069297417737136,-0.023107120633689797
"Kido, Joe",Indiana State,97,0.415,0.346,0.089,0.1443,0.0825,0.23,95.92,0.01030927835,0.3235971351835273,0.07583860195409316,0.046378074788135666,-0.011798343263291267
"Urdaneta, Josue",Indiana State,239,0.366,0.321,0.071,0.1046,0.159,0.297,89.31,0.008368200837,0.32500179051029543,0.0605245332380868,0.04287050013470574,-0.015305917916721194
"Magill, Grant",Indiana State,249,0.327,0.324,0.126,0.0442,0.1606,0.317,90.06,0.02409638554,0.3223209489704566,0.10895613505503177,0.04598737876422896,-0.012189039287197972
"Sears, Mike",Indiana State,253,0.395,0.471,0.452,0.1304,0.2964,0.297,128.5,0.09486166008,0.38693643688451207,0.3922669113895272,0.08343005977468082,0.025253641723253888
"Pottinger, Adam",Indiana State,263,0.418,0.403,0.195,0.1293,0.1711,0.333,110.87,0.03802281369,0.38199283795881833,0.16874481781547637,0.06100106499672173,0.002824646945294794
"Stinson, Parker",Indiana State,266,0.442,0.458,0.309,0.1654,0.2556,0.365,125.17,0.05639097744,0.419990599820949,0.2667499376522795,0.07536633632006431,0.01718991826863738
"Hernandez, Luis",Indiana State,279,0.421,0.476,0.335,0.0609,0.1792,0.373,130.04,0.08243727599,0.42342390331244406,0.2927576813053141,0.0765889553526338,0.018412537301206865
"Listi, Dom",Indiana State,281,0.464,0.405,0.107,0.121,0.1246,0.37,111.37,0.01067615658,0.40897358997314237,0.0908893783411856,0.0561604759670414,-0.002015942084385533
"Diaz, Randal",Indiana State,293,0.437,0.461,0.272,0.1058,0.1195,0.36,125.95,0.0614334471,0.41785899731423454,0.23678174097579396,0.07209001253346374,0.013913594482036808
"Herrera, Patrick",Kentucky,84,0.519,0.431,0.109,0.1786,0.2262,0.459,118.17,0.0,0.4658272157564906,0.09076923076923077,0.06267256059775497,0.00449614254632804
"Mccoy, James",Kentucky,166,0.37,0.351,0.182,0.1325,0.2952,0.304,97.03,0.03614457831,0.339405102954342,0.1576049859276429,0.05366765332819649,-0.004508764723230446
"Smith, Grant",Kentucky,186,0.36,0.334,0.119,0.0806,0.2204,0.318,92.61,0.02688172043,0.3355434198746643,0.10359277892865915,0.04711085001185448,-0.011065568039572454
"Mccarthy, Nolan",Kentucky,216,0.373,0.366,0.175,0.0694,0.1944,0.326,101.18,0.03240740741,0.35355416293643693,0.1511507096373818,0.05410169653138212,-0.004074721520044816
"Nicholson, Ryan",Kentucky,224,0.398,0.454,0.371,0.1205,0.2321,0.296,124.06,0.08928571429,0.3813240823634736,0.3238819437450459,0.07618658014236472,0.018010162090937788
"Daly, Mitchell",Kentucky,226,0.438,0.411,0.192,0.1416,0.1726,0.354,112.75,0.02654867257,0.398050581915846,0.16432747734586453,0.06261756626794107,0.004441148216514139
"Lopez, Nick",Kentucky,239,0.414,0.419,0.207,0.0921,0.1004,0.37,115.1,0.02510460251,0.39993777976723366,0.17657712829560337,0.06367535897665104,0.0054989409252241064
"Burkes, Devin",Kentucky,244,0.391,0.353,0.133,0.1148,0.1639,0.3,97.58,0.01229508197,0.3445841539838854,0.11281152747134086,0.050721779339174274,-0.007454638712252659
"Waldschmidt, Ryan",Kentucky,251,0.482,0.484,0.298,0.1355,0.1554,0.385,132.1,0.05577689243,0.4477641002685766,0.25748703140854623,0.0779004578042462,0.01972403975281927
"Pitre, ï¿½milien",Kentucky,273,0.421,0.409,0.213,0.1575,0.1245,0.319,112.41,0.03296703297,0.37994270367054606,0.18288862866188427,0.06362132600965761,0.005444907958230681
"Cuff, Connor",Louisiana Lafayette,50,0.26,0.268,0.127,0.02,0.14,0.231,75.22,0.02,0.25241853178155776,0.10910374029640085,0.037928537146707485,-0.020247880904719448
"Mandino, Maddox",Louisiana Lafayette,79,0.38,0.323,0.044,0.1139,0.2278,0.367,89.75,0.0,0.35487824529991047,0.03664079040225829,0.04302566024712706,-0.01515075780429987
"Broussard, Bryan",Louisiana Lafayette,100,0.351,0.331,0.107,0.08,0.24,0.373,91.92,0.02,0.35175649059982095,0.09244883556810163,0.047456745518954194,-0.010719672532472739
"Yuhasz, Luke",Louisiana Lafayette,124,0.398,0.422,0.261,0.0726,0.2742,0.403,115.68,0.0564516129,0.40840689346463743,0.2267883078738885,0.06713281039838809,0.008956392346961155
"Alexander, Josh",Louisiana Lafayette,130,0.331,0.338,0.169,0.0615,0.2538,0.365,93.64,0.01538461538,0.3457614145031334,0.14330709516235712,0.05145320759497531,-0.00672321045645162
"Stelly, Caleb",Louisiana Lafayette,196,0.398,0.36,0.111,0.0918,0.1939,0.37,99.58,0.005102040816,0.3742855863921217,0.093288061872542,0.05092608507628462,-0.007250332975142312
"Torres, Jose",Louisiana Lafayette,198,0.365,0.347,0.11,0.0455,0.1465,0.354,96.16,0.01515151515,0.35458236347358996,0.09413613909001411,0.04818962449994266,-0.009986793551484276
"Lafleur, Trey",Louisiana Lafayette,200,0.435,0.472,0.306,0.08,0.255,0.456,128.8,0.06,0.45583348254252465,0.26485532815808044,0.07677934030695184,0.018602922255524908
"Amedee, Lee",Louisiana Lafayette,209,0.375,0.355,0.142,0.11,0.1579,0.317,98.16,0.01913875598,0.34692927484333036,0.12145087167767113,0.051830700816785376,-0.006345717234641557
"Pastore, Duncan",Louisiana Lafayette,230,0.406,0.378,0.116,0.0696,0.1609,0.381,104.13,0.01739130435,0.3869521038495972,0.09950722592163022,0.052782299001864784,-0.005394119049562149
"Higgs, Conor",Louisiana Lafayette,236,0.391,0.405,0.268,0.1441,0.2839,0.345,111.28,0.04661016949,0.3794440465532677,0.23097149623791816,0.06622026626690641,0.00804384821547948
"Taylor, John",Louisiana Lafayette,278,0.41,0.395,0.193,0.1119,0.1444,0.322,108.67,0.03237410072,0.37291181736794987,0.16613455319028936,0.05959422217666225,0.0014178041252353168
"Debarge, Kyle",Louisiana Lafayette,290,0.418,0.485,0.344,0.0828,0.1034,0.338,132.39,0.0724137931,0.41319561324977616,0.29857591317198307,0.07763675162656644,0.01946033357513951
"Frey, Ethan",LSU,65,0.292,0.259,0.053,0.0923,0.2462,0.302,72.98,0.0,0.2837712623097583,0.04413549752999294,0.035180948292507716,-0.022995469758919217
"Brown, Jake",LSU,108,0.37,0.36,0.176,0.0926,0.1944,0.299,99.61,0.03703703704,0.3408303491495076,0.1527577824830487,0.05350656371908774,-0.004669854332339192
"Milazzo, Alex",LSU,129,0.371,0.314,0.038,0.124,0.2171,0.359,87.3,0.0,0.3462385854968666,0.03164431898376852,0.04196451574895327,-0.016211902302473664
"Neal, Brady",LSU,142,0.408,0.426,0.302,0.1408,0.2465,0.319,116.88,0.06338028169,0.3823836168307968,0.2620897154273324,0.07019222227634866,0.012015804224921732
"Larson, Ashton",LSU,172,0.401,0.367,0.128,0.1279,0.2209,0.375,101.4,0.01744186047,0.37944046553267685,0.10950862451050812,0.05383625782664023,-0.004340160224786706
"Kling, Paxton",LSU,173,0.409,0.345,0.095,0.1561,0.2486,0.318,95.54,0.005780346821,0.35326186213070726,0.08007758800040721,0.04829260144319437,-0.009883816608232565
"Bingham, Mac",LSU,200,0.372,0.359,0.174,0.105,0.195,0.283,99.1,0.04,0.33526857654431513,0.1515878616796048,0.05310405639475634,-0.00507236165667059
"Pearson, Josh",LSU,233,0.352,0.351,0.198,0.0944,0.1845,0.27,97.24,0.03433476395,0.32209355416293645,0.17062620963736772,0.05349853163805029,-0.004677886413376645
"Braswell, Michael",LSU,256,0.411,0.382,0.142,0.1133,0.1484,0.358,105.37,0.015625,0.38150402864816474,0.1208631792519407,0.055776099849097066,-0.0024003182023298666
"Milam, Steven",LSU,262,0.415,0.405,0.19,0.1221,0.1374,0.356,111.39,0.03053435115,0.3901544315129812,0.16332861060165843,0.0615604778322393,0.003384059780812368
"Travinski, Hayden",LSU,270,0.381,0.401,0.271,0.1185,0.2481,0.31,110.23,0.05925925926,0.36258683974932854,0.23558535246621032,0.06460911847818174,0.006432700426754805
"Jones, Jared",LSU,295,0.454,0.509,0.446,0.2,0.2576,0.325,138.58,0.09491525424,0.4272363473589973,0.3872794038495978,0.08972464040384072,0.031548222352413786
"White, Tommy",LSU,314,0.401,0.452,0.308,0.086,0.121,0.312,123.76,0.07643312102,0.38721575649059986,0.2692693364020748,0.0715737434512455,0.013397325399818562
"Pulliam, Ethan",Mississippi State,75,0.307,0.293,0.121,0.1067,0.1733,0.264,81.88,0.01333333333,0.2864856759176365,0.10299223712011997,0.04297201288965707,-0.015204405161769866
"Cupp, Dylan",Mississippi State,84,0.367,0.316,0.06,0.131,0.1667,0.321,87.86,0.0,0.3321383169203223,0.049964714184897674,0.04316929571584715,-0.015007122335579784
"Powell, Joe",Mississippi State,109,0.343,0.349,0.193,0.1009,0.1835,0.282,96.68,0.04587155963,0.3231705461056401,0.1683920674892802,0.053572573842024775,-0.004603844209402158
"Downs, Aaron",Mississippi State,111,0.394,0.339,0.042,0.1171,0.2793,0.453,94.04,0.0,0.39553983885407346,0.034975299929428376,0.046748903268774296,-0.011427514782652637
"Long, Johnny",Mississippi State,153,0.354,0.283,0.026,0.1503,0.1569,0.228,79.41,0.006535947712,0.2831401074306177,0.022744544536163726,0.03558524651772539,-0.02259117153370154
"Kohler, Logan",Mississippi State,230,0.351,0.333,0.145,0.113,0.2826,0.331,92.3,0.02608695652,0.3373393017009848,0.12511122702557514,0.04965990304175097,-0.008516515009675964
"Hujsak, Connor",Mississippi State,232,0.413,0.425,0.23,0.069,0.1379,0.352,116.6,0.03879310345,0.3953218442256043,0.19801973572170078,0.06431097877317776,0.00613456072175083
"Chance, Bryce",Mississippi State,254,0.37,0.353,0.143,0.1024,0.0709,0.283,97.53,0.02362204724,0.3325550581915846,0.12303346873386026,0.05131584625961793,-0.006860571791809003
"Mershon, David",Mississippi State,276,0.454,0.422,0.153,0.1486,0.1377,0.39,115.73,0.02173913043,0.4194646374216652,0.13104599429210304,0.06211193199014044,0.003935513938713504
"Hines, Hunter",Mississippi State,286,0.346,0.371,0.229,0.1154,0.2587,0.298,102.39,0.05594405594,0.33766741271262307,0.200055568989259,0.057926641102819275,-0.00024977694860765787
"Jordan, Dakota",Mississippi State,290,0.459,0.498,0.317,0.1517,0.2897,0.471,135.83,0.06896551724,0.47730752014324085,0.27551505122503883,0.08177211458523441,0.023595696533807477
"Larry, Amani",Mississippi State,295,0.394,0.365,0.161,0.1254,0.139,0.272,100.76,0.02711864407,0.3396405550581916,0.13860770546548343,0.05349060124871865,-0.004685816802708284
"Bradford, Clay",Nebraska,53,0.396,0.416,0.333,0.1887,0.3396,0.333,114.22,0.05660377358,0.38046956132497767,0.2867714144943261,0.07269646921393735,0.014520051162510421
"Swansen, Gabe",Nebraska,110,0.385,0.442,0.326,0.0636,0.2364,0.369,121.01,0.07272727273,0.3996718889883617,0.28363892987791817,0.07237169715511574,0.014195279103688806
"Anglim, Garrett",Nebraska,139,0.361,0.335,0.125,0.0935,0.2014,0.321,92.91,0.01438848921,0.33726410026857656,0.10649969791303458,0.04819818652056703,-0.009978231530859902
"Columbus, Ben",Nebraska,156,0.422,0.411,0.211,0.1474,0.2179,0.36,112.91,0.04487179487,0.3957148612354521,0.18321426632617505,0.0639253583012684,0.005748940249841468
"Brumbaugh, Cayden",Nebraska,166,0.395,0.363,0.124,0.1325,0.2169,0.404,100.38,0.0,0.38676947179946286,0.10326040931545519,0.05416192494077227,-0.00401449311065466
"Stokes, Rhett",Nebraska,171,0.409,0.392,0.127,0.0643,0.1988,0.457,107.95,0.005847953216,0.4202009847806625,0.10673674305729852,0.05656538247562735,-0.0016110355757995853
"Sanderson, Case",Nebraska,194,0.469,0.414,0.112,0.1598,0.2165,0.44,113.58,0.01546391753,0.43882990152193374,0.09585388034905434,0.05985158523572412,0.0016751671842971869
"Stone, Tyler",Nebraska,199,0.392,0.39,0.199,0.1457,0.2563,0.364,107.45,0.04020100503,0.38119337511190693,0.17244011163875092,0.06066660029819235,0.002490182246765414
"Overbeek, Josh",Nebraska,222,0.394,0.37,0.156,0.1306,0.2387,0.357,102.15,0.02702702703,0.37206222023276636,0.13442865589704306,0.055487887785157564,-0.002688530266269369
"Evans, Cole",Nebraska,229,0.373,0.344,0.142,0.1179,0.1659,0.281,95.28,0.02183406114,0.32945076096687553,0.12190167430499646,0.05007291918875706,-0.008103498862669874
"Carey, Dylan",Nebraska,264,0.326,0.33,0.166,0.0644,0.2386,0.319,91.66,0.02651515152,0.32491181736794994,0.14267049464378265,0.0493693524351337,-0.008807065616293235
"Silva, Riley",Nebraska,269,0.406,0.337,0.046,0.0929,0.1301,0.309,93.55,0.0,0.346307072515667,0.038306280875088215,0.04292674542601699,-0.015249672625409945
"Caron, Josh",Nebraska,273,0.388,0.42,0.271,0.0916,0.1868,0.333,115.31,0.05860805861,0.37965487914055507,0.23547643605544816,0.06651590387184945,0.008339485820422522
"Garza-Gongora, Rocco",Oklahoma,68,0.338,0.287,0.035,0.1324,0.2059,0.295,80.38,0.0,0.3042193375111907,0.029146083274523647,0.037460297394226266,-0.020716120657200666
"Lane, Isaiah",Oklahoma,71,0.464,0.391,0.075,0.1972,0.0563,0.34,107.6,0.0,0.3931436884512086,0.06245589273112209,0.054387350139437414,-0.0037890679119895188
"Walk, Jason",Oklahoma,151,0.376,0.352,0.133,0.1192,0.245,0.371,97.41,0.01986754967,0.3655931065353626,0.11407805876625972,0.05225157146216346,-0.005924846589263476
"Mudler, Scott",Oklahoma,170,0.367,0.344,0.122,0.1059,0.1529,0.314,95.3,0.02352941176,0.33965532676812893,0.10553032504383911,0.04931352597623928,-0.008862892075187652
"Spikerman, John",Oklahoma,190,0.429,0.419,0.175,0.1,0.1316,0.411,114.91,0.01578947368,0.41892837958818263,0.1483712810600988,0.06262116346198682,0.004444745410559885
"Willits, Jaxon",Oklahoma,235,0.376,0.375,0.216,0.1319,0.1532,0.277,103.46,0.04255319149,0.3399677708146822,0.18699019504808045,0.058598962695995745,0.0004225446445688119
"Nicklaus, Jackson",Oklahoma,240,0.429,0.419,0.23,0.1625,0.2208,0.368,115.09,0.04166666667,0.40343375111906893,0.19850035285870854,0.06675180288775229,0.008575384836325355
"Pettis, Kendall",Oklahoma,242,0.398,0.36,0.122,0.1116,0.1777,0.329,99.51,0.01652892562,0.35951163831692035,0.10435946038951306,0.051211575282057775,-0.0069648427693691575
"Mackenzie, Anthony",Oklahoma,250,0.407,0.383,0.162,0.14,0.224,0.366,105.62,0.028,0.3836208594449418,0.13958786167960482,0.05774153705724515,-0.0004348809941817841
"Madron, Bryce",Oklahoma,264,0.439,0.445,0.289,0.1553,0.1061,0.314,121.89,0.04545454545,0.3961087735004477,0.24826586257702896,0.0724280523146795,0.014251634263252565
"Snyder, Michael",Oklahoma,283,0.465,0.471,0.284,0.1272,0.1519,0.393,128.63,0.03886925795,0.4412068039391227,0.2430007156910021,0.07547871214850178,0.01730229409707485
"Carmichael, Easton",Oklahoma,288,0.406,0.412,0.197,0.0694,0.1493,0.402,113.16,0.02430555556,0.40670993733213967,0.1681160315227382,0.06229063282580418,0.004114214774377248
"LaSalle, Donovan",Oklahoma State,50,0.383,0.338,0.139,0.16,0.24,0.261,93.69,0.02,0.32290376007162047,0.1190966831333804,0.04926807491655553,-0.008908343134871405
"Carter, Charlie",Oklahoma State,72,0.209,0.164,0.018,0.0833,0.3472,0.125,47.96,0.0,0.16259668755595347,0.014989414255469301,0.01729015584904242,-0.04088626220238451
"Crull, Jaxson",Oklahoma State,125,0.366,0.344,0.174,0.152,0.256,0.281,95.27,0.032,0.3274829901521934,0.15024982357092448,0.05261723881130081,-0.005559179240126125
"Daugherty, Ian",Oklahoma State,169,0.358,0.377,0.259,0.1243,0.213,0.263,103.88,0.05917159763,0.3305801253357207,0.22557774780402964,0.060649093506504825,0.0024726754550778926
"Ritchie, Kollin",Oklahoma State,179,0.419,0.393,0.186,0.162,0.1899,0.307,108.07,0.03910614525,0.369319606087735,0.16143130305169373,0.059496306438555975,0.0013198883871290423
"Wulfert, Tyler",Oklahoma State,179,0.313,0.307,0.147,0.1006,0.1844,0.256,85.59,0.02793296089,0.29030931065353627,0.12708547052288638,0.04561172816760906,-0.01256468988381787
"Meola, Aidan",Oklahoma State,190,0.416,0.433,0.261,0.1105,0.2211,0.384,118.72,0.05263157895,0.4105644583706357,0.22614938899869444,0.06901172843505884,0.010835310383631912
"Schubart, Nolan",Oklahoma State,226,0.513,0.562,0.468,0.2168,0.2743,0.461,152.42,0.1017699115,0.5118312444046553,0.4067462731302047,0.10130178468698964,0.043125366635562705
"Ortiz, Avery",Oklahoma State,227,0.374,0.367,0.189,0.1145,0.2335,0.31,101.43,0.03964757709,0.3484283795881826,0.16402009581533522,0.05562354412981111,-0.0025528739216158225
"Forsythe, Lane",Oklahoma State,258,0.414,0.358,0.084,0.1744,0.2403,0.393,99.05,0.01162790698,0.3863540734109221,0.07189542269178548,0.05167281710088754,-0.0065036009505393955
"Brueggemann, Colin",Oklahoma State,259,0.344,0.371,0.256,0.0927,0.3205,0.326,102.51,0.05405405405,0.34719471799462853,0.22222357855317573,0.05989359342603834,0.0017171753746114057
"Ehrhard, Zach",Oklahoma State,300,0.458,0.465,0.297,0.18,0.12,0.333,127.11,0.04666666667,0.41546732318710833,0.25513055751643615,0.07577150756941865,0.01759508951799172
"Benge, Carson",Oklahoma State,304,0.444,0.472,0.33,0.1612,0.1678,0.355,128.96,0.05921052632,0.42196911369740375,0.2847091705983345,0.07846790067974022,0.020291482628313283
"Peterson, Tyce",Oregon State,51,0.412,0.413,0.275,0.1961,0.3922,0.444,113.45,0.05882352941,0.42388943598925694,0.2388434555188215,0.07197032855554478,0.013793910504117844
"Talt, Easton",Oregon State,52,0.431,0.383,0.093,0.1538,0.1538,0.382,105.6,0.01923076923,0.396132945389436,0.08066174474771348,0.05420229442779522,-0.003974123623631712
"Caraway, Trent",Oregon State,69,0.435,0.425,0.183,0.0725,0.3043,0.514,116.55,0.02898550725,0.4598813786929275,0.15724034242642906,0.06510412730101584,0.006927709249588902
"Reeder, Canon",Oregon State,81,0.38,0.341,0.106,0.1358,0.321,0.439,94.5,0.0,0.3872766338406446,0.08827099505998588,0.051413241777495296,-0.006763176273931637
"Smith, Tanner",Oregon State,130,0.365,0.354,0.206,0.1692,0.2692,0.286,98.01,0.03846153846,0.3325890778871978,0.17797839422372616,0.05638853430608319,-0.0017878837453437421
"Trosky, Jabin",Oregon State,131,0.37,0.332,0.071,0.0763,0.1221,0.333,92.18,0.007633587786,0.34304252461951656,0.060401665705915306,0.04453452393577343,-0.013641894115653502
"Weber, Wilson",Oregon State,133,0.383,0.414,0.301,0.1053,0.218,0.321,113.62,0.05263157895,0.3717739480752015,0.2594591984552929,0.06814413941661734,0.009967721365190411
"Kasper, Brady",Oregon State,154,0.405,0.399,0.237,0.1818,0.2857,0.365,109.69,0.04545454545,0.38843509400179055,0.20496311028345096,0.06548555359013061,0.00730913553870368
"Mcdowell, Micah",Oregon State,166,0.5,0.492,0.264,0.1506,0.1566,0.455,134.03,0.03614457831,0.4809162936436885,0.22589009531366977,0.07862304004048094,0.02044662198905401
"Krieg, Jacob",Oregon State,192,0.453,0.433,0.257,0.1771,0.3438,0.443,118.61,0.046875,0.44222560429722474,0.22185559280169376,0.07229759303673296,0.014121174985306024
"Macias, Dallas",Oregon State,239,0.398,0.402,0.204,0.0753,0.1297,0.347,110.58,0.03347280335,0.38105684870188006,0.17547851403948483,0.060656238110208385,0.0024798200587814526
"Guerra, Mason",Oregon State,250,0.356,0.363,0.228,0.14,0.24,0.289,100.35,0.044,0.334367054610564,0.19722512350035287,0.05817641805142693,0.0
"Hainline, Elijah",Oregon State,254,0.41,0.417,0.267,0.1535,0.2244,0.345,114.34,0.04330708661,0.38908773500447624,0.229586294655307,0.0681461056128332,0.009969687561406267
"Turley, Gavin",Oregon State,281,0.416,0.437,0.32,0.1637,0.2669,0.336,119.71,0.06761565836,0.3947023276633841,0.27778751660643614,0.07355760606945472,0.015381188018027785
"Bazzana, Travis",Oregon State,287,0.575,0.635,0.522,0.2578,0.1185,0.397,171.7,0.09756097561,0.5323724261414503,0.45101055131938605,0.11129848922373484,0.053122071172307904
"Ramirez, Justin",Portland,62,0.295,0.268,0.052,0.0484,0.2097,0.318,75.45,0.0,0.2936069829901522,0.04330275229357798,0.03543863544791504,-0.02273778260351189
"Gomes, Tristan",Portland,105,0.327,0.321,0.139,0.0762,0.219,0.319,89.25,0.01904761905,0.3219659803043868,0.11893739288274525,0.04712735715082164,-0.011049060900605291
"Mccarthy, Riley",Portland,119,0.361,0.326,0.099,0.1092,0.2101,0.311,90.44,0.01680672269,0.3304337511190689,0.08525278283523643,0.045537532792290066,-0.012638885259136867
"Howard, Tyler",Portland,155,0.395,0.388,0.162,0.0839,0.1355,0.372,106.8,0.01935483871,0.3842023276633841,0.13814191727189135,0.05724612269926097,-0.0009302953521659607
"Thomson, Jack",Portland,168,0.38,0.346,0.16,0.119,0.2083,0.236,95.9,0.02976190476,0.3159203222918532,0.13821705817086805,0.04979031078976953,-0.008386107261657401
"Cooney, Christian",Portland,181,0.328,0.319,0.13,0.0663,0.2707,0.351,88.73,0.01657458564,0.33306087735004475,0.11102905913668314,0.04658913263647298,-0.011587285414953956
"Scavotto, Evan",Portland,183,0.388,0.351,0.104,0.1148,0.2678,0.406,97.19,0.01092896175,0.38121978513876453,0.08843342550088215,0.05086757874327888,-0.007308839308148053
"Bean, Brady",Portland,196,0.405,0.395,0.182,0.1173,0.1633,0.359,108.55,0.0306122449,0.38483885407341095,0.15667967681107975,0.05981938427474279,0.0016429662233158546
"Scott, Spencer",Portland,198,0.447,0.399,0.129,0.1566,0.1414,0.362,109.63,0.01515151515,0.3991606982990152,0.10995829858189839,0.05784187019447301,-0.00033454785695392203
"Salk, Jonas",Portland,207,0.383,0.351,0.122,0.0773,0.1787,0.313,97.06,0.0193236715,0.34630259623992843,0.10482689495095272,0.04886116634749908,-0.00931525170392785
"Toglia, Zach",Portland,209,0.373,0.391,0.257,0.1148,0.2488,0.325,107.7,0.04784688995,0.36215756490599826,0.22201814602551168,0.06302888414475478,0.004852466093327852
"Patacsil, Ben",Portland,209,0.464,0.441,0.153,0.1053,0.1053,0.404,120.85,0.03349282297,0.43413294538943603,0.13301185535913196,0.06315812103093302,0.004981702979506085
"Holcroft, Jake",Portland,272,0.43,0.424,0.193,0.125,0.1324,0.38,116.31,0.02941176471,0.40983169203222924,0.16563908838127736,0.06410608015633476,0.005929662104907828
"D'Arcy, Gabe",San Diego,53,0.321,0.285,0.093,0.1509,0.3019,0.286,79.82,0.01886792453,0.2954803043867502,0.0806010572431969,0.04118422832647654,-0.016992189724950396
"Worthington, Will",San Diego,228,0.368,0.329,0.057,0.0658,0.2325,0.413,91.35,0.004385964912,0.3702318710832587,0.04820005200010163,0.04455123489975247,-0.013625183151674464
"Decriscio, Justin",San Diego,229,0.372,0.351,0.111,0.0611,0.0786,0.322,97.07,0.01310043668,0.3464534467323187,0.09462583168183487,0.04863664819463307,-0.009539769856793862
"Christian, Jakob",San Diego,235,0.46,0.545,0.464,0.1191,0.2,0.365,148.08,0.1106382979,0.4562444046553268,0.40489857205525764,0.09328092583975141,0.035104507788324475
"Armas, Ari",San Diego,241,0.399,0.371,0.131,0.112,0.1369,0.331,102.35,0.02489626556,0.36445747538048345,0.11325364498074807,0.05321670815525756,-0.0049597098961693745
"Smith, Austin",San Diego,257,0.429,0.398,0.157,0.1206,0.1012,0.326,109.48,0.02723735409,0.38076991942703675,0.13529657933615385,0.058008288325451164,-0.00016812972597576858
"Costello, Jack",San Diego,269,0.369,0.369,0.179,0.0781,0.1115,0.305,101.88,0.02602230483,0.3459382273948075,0.15341375176055752,0.05479319992763234,-0.003383218123794593
"Allen, Dustin",San Diego,269,0.391,0.349,0.096,0.1264,0.1338,0.339,96.65,0.003717472119,0.3572032229185318,0.08056530761623361,0.04942367464539769,-0.008752743406029245
"Gurevitch, Jack",San Diego,273,0.45,0.424,0.185,0.1429,0.2051,0.399,116.24,0.03296703297,0.4223003581020591,0.15957176204226536,0.06440405715783971,0.0062276391064127815
"Peraza, Angelo",San Diego,280,0.398,0.363,0.126,0.1143,0.1429,0.323,100.23,0.01428571429,0.35842524619516564,0.10731525355450248,0.0519180221300965,-0.0062583959213304355
"Causey, Tyler",South Carolina ,107,0.402,0.387,0.214,0.1776,0.3458,0.386,106.61,0.03738317757,0.3908563115487914,0.18445999511932956,0.06272269649607495,0.004546278444648021
"Brinling, Austin",South Carolina ,124,0.413,0.355,0.061,0.1129,0.1371,0.349,98.26,0.008064516129,0.369142345568487,0.05214628815989626,0.047342975171392986,-0.010833442880033947
"Reeves, Dalton",South Carolina ,139,0.37,0.415,0.303,0.0935,0.2446,0.32,113.85,0.07913669065,0.36811772605192483,0.2655577951193014,0.06772246902851606,0.009546050977089125
"Brewer, Dylan",South Carolina ,167,0.395,0.38,0.176,0.1317,0.1677,0.32,104.67,0.03592814371,0.36259623992837964,0.1525723147912985,0.057283522965743294,-0.0008928950856836385
"Tippett, Will",South Carolina ,178,0.335,0.319,0.181,0.1461,0.3539,0.262,88.65,0.0393258427,0.30295837063563114,0.15730432231467892,0.04926005250660212,-0.008916365544824813
"Jackson, Blake",South Carolina ,206,0.465,0.421,0.19,0.1553,0.2184,0.38,115.53,0.02427184466,0.4185948970456581,0.16228117655922372,0.06445102511667583,0.006274607065248898
"Casas, Gavin",South Carolina ,210,0.385,0.387,0.231,0.1048,0.2333,0.307,106.51,0.04761904762,0.3576105640107431,0.20032866216368386,0.06017824658935002,0.002001828537923085
"Jones, Kennedy",South Carolina ,246,0.398,0.385,0.194,0.1463,0.2561,0.366,106.05,0.03658536585,0.3818079677708147,0.16767165258041639,0.06025279121692113,0.002076373165494194
"Lecroy, Talmadge",South Carolina ,268,0.389,0.336,0.09,0.1418,0.209,0.312,93.2,0.01119402985,0.3422506714413608,0.07681932609347213,0.046854311031466644,-0.011322107019960288
"Messina, Cole",South Carolina ,286,0.465,0.505,0.375,0.1748,0.2343,0.377,137.67,0.07342657343,0.4476320501342883,0.32456040783550455,0.08499281588668928,0.026816397835262344
"Noland, Parker",South Carolina ,289,0.383,0.335,0.09,0.1419,0.2042,0.322,92.92,0.01038062284,0.3438088630259625,0.07668327989631617,0.04707481922137424,-0.01110159883005269
"Petry, Ethan",South Carolina ,289,0.471,0.487,0.333,0.1765,0.2526,0.365,132.91,0.07266435986,0.4385407341092211,0.2894576240556246,0.08012630736862748,0.02194988931720055
"Smith, Seth",Southern Mississippi,85,0.345,0.301,0.072,0.1412,0.2,0.283,83.93,0.0,0.30688272157564905,0.059957657021877206,0.04130004105060118,-0.016876377000825754
"Odom, Lawson",Southern Mississippi,106,0.385,0.327,0.074,0.1132,0.1415,0.269,90.84,0.009433962264,0.32240465532676815,0.06320102262284262,0.043323128428015334,-0.014853289623411599
"Stockman, Tucker",Southern Mississippi,111,0.309,0.315,0.175,0.0901,0.2342,0.265,87.67,0.03603603604,0.2952963294538944,0.15175761506103036,0.04782830079393969,-0.010348117257487244
"Butler, Billy",Southern Mississippi,146,0.418,0.401,0.178,0.1164,0.2397,0.359,110.24,0.03424657534,0.3906445837063563,0.153956554943952,0.05917634790457848,0.000999929853151546
"Russo, Matthew",Southern Mississippi,187,0.443,0.419,0.188,0.0963,0.2032,0.387,115.0,0.0320855615,0.41421575649059983,0.16192256744918843,0.06251491738808773,0.004338499336660799
"Broadus, Gabe",Southern Mississippi,202,0.432,0.358,0.058,0.1931,0.1881,0.359,98.94,0.0,0.37916248880931064,0.048299223712067754,0.04958138983865821,-0.008595028212768724
"Paetow, Carson",Southern Mississippi,240,0.429,0.422,0.258,0.1792,0.2208,0.333,115.69,0.04583333333,0.39189749328558643,0.22251411432548346,0.06846007535550061,0.010283657304073678
"Gillespie, Davis",Southern Mississippi,243,0.391,0.4,0.198,0.0782,0.1934,0.377,110.0,0.0329218107,0.3891821844225605,0.17038988647558223,0.06028478294088571,0.002108364889458779
"McIntyre, Dalton",Southern Mississippi,268,0.447,0.409,0.085,0.0896,0.1045,0.433,112.23,0.007462686567,0.4283303491495076,0.07203151497274453,0.055705708257256834,-0.0024707097941700992
"Monistere, Nick",Southern Mississippi,273,0.36,0.366,0.22,0.1026,0.2088,0.278,101.17,0.04029304029,0.3326034019695614,0.18994315493911787,0.0565941104893713,-0.0015823075620556293
"Wilks, Slade",Southern Mississippi,288,0.413,0.436,0.259,0.1007,0.184,0.373,119.32,0.04861111111,0.40683303491495076,0.22381145612778405,0.06856039898146614,0.010383980930039206
"Pratt, Ozzie",Southern Mississippi,300,0.367,0.353,0.123,0.0667,0.1,0.342,97.72,0.01,0.35297179946284696,0.10410021171489062,0.05022732578991262,-0.007949092261514315
"Basseer, Jack",TCU,56,0.364,0.322,0.087,0.0893,0.25,0.323,89.48,0.01785714286,0.3341669650850493,0.07543552777545519,0.04386760962998366,-0.014308808421443275
"Arthur, Jack",TCU,61,0.4,0.394,0.192,0.0984,0.2131,0.395,108.28,0.01639344262,0.39604700089525513,0.16262896676142558,0.06052568931157255,0.0023492712601456203
"Tolle, Payton",TCU,66,0.303,0.29,0.145,0.0758,0.3182,0.242,81.09,0.0303030303,0.27635810205908684,0.12581638544890614,0.04157045843967799,-0.01660595961174894
"Green, Brody",TCU,72,0.338,0.355,0.182,0.0417,0.3056,0.419,98.3,0.02777777778,0.3732829006266786,0.15620559868303457,0.054629719790659635,-0.0035466982607672976
"Brunson, Chase",TCU,177,0.39,0.363,0.135,0.113,0.1469,0.322,100.25,0.02259887006,0.35581602506714416,0.1162003755851941,0.05247728895125929,-0.005699129100167642
"Robinson, Ryder",TCU,181,0.316,0.284,0.087,0.105,0.1989,0.261,79.51,0.01104972376,0.2847076991942704,0.0742969545032604,0.039395125898922904,-0.01878129215250403
"Chatagnier, Peyton",TCU,193,0.377,0.349,0.163,0.171,0.1554,0.264,96.61,0.01554404145,0.3262421665174575,0.13833728851351448,0.0530276914486845,-0.005148726602742432
"Myers, Sam",TCU,194,0.405,0.395,0.138,0.0464,0.1289,0.401,108.65,0.01030927835,0.3999731423455686,0.11664311853842627,0.05578260416422434,-0.0023938138872025908
"Boyers, Luke",TCU,195,0.361,0.354,0.154,0.0718,0.2462,0.351,97.86,0.0358974359,0.3548867502238138,0.13424678356266762,0.051882452770298584,-0.006293965281128348
"Maxwell, Logan",TCU,213,0.447,0.41,0.147,0.1408,0.108,0.37,112.68,0.01408450704,0.405987466427932,0.12476925064818631,0.06013795820678167,0.0019615401553547407
"Bowen, Karson",TCU,216,0.326,0.311,0.137,0.1204,0.1944,0.264,86.56,0.02777777778,0.29828066248880936,0.11873206304436135,0.04602425015462477,-0.012152167896802166
"Silva, Anthony",TCU,226,0.369,0.339,0.116,0.115,0.1858,0.32,93.94,0.01769911504,0.3405868397493286,0.09955870872581511,0.04861998354981428,-0.00955643450161265
"Byrne, Kurtis",TCU,235,0.357,0.36,0.191,0.0809,0.1149,0.275,99.43,0.03404255319,0.32852775290957925,0.16474811934088215,0.05410376498833033,-0.0040726530630966
"Villeneuve, Robin",Tennessee,103,0.447,0.471,0.324,0.166,0.2411,0.397,128.6,0.04854368932,0.4375881826320501,0.27792861987920964,0.0786717246783282,0.020495306626901265
"Bargo, Dalton",Tennessee,116,0.379,0.612,0.6,0.1389,0.3333,0.538,165.69,0.05172413793,0.5198361683079677,0.5082982503100988,0.10995755773774421,0.05178113968631728
"Chapman, Reese",Tennessee,120,0.425,0.4,0.317,0.0985,0.3409,0.302,109.88,0.05,0.37171441360787827,0.2723429781227946,0.0677426410192262,0.009566222967799264
"Stark, Cal",Tennessee,132,0.369,0.37,0.077,0.2564,0.3333,0.429,102.17,0.06818181818,0.39097896150402867,0.07552511708444601,0.05361888475530074,-0.0045575332961261955
"Peebles, Cannon",Tennessee,142,0.373,0.344,0.0,0.1667,0.2083,0.385,95.4,0.01408450704,0.3669261414503133,0.002355700895187015,0.04244110335514952,-0.01573531469627741
"Ensley, Hunter",Tennessee,214,0.394,0.247,0.131,0.1111,0.2593,0.133,69.84,0.04205607477,0.24724440465532677,0.116123704813331,0.03906873226607329,-0.019107685785353642
"Curley, Dean",Tennessee,229,0.39,0.331,0.118,0.1761,0.2183,0.284,91.98,0.0480349345,0.33064950760966877,0.10629800951058574,0.04949109713320207,-0.00868532091822486
"Amick, Billy",Tennessee,249,0.394,0.392,0.228,0.1223,0.1834,0.302,107.79,0.0843373494,0.36013160250671444,0.203971737337897,0.06194869520198264,0.0037722771505557043
"Tears, Kavares",Tennessee,253,0.447,0.479,0.312,0.1107,0.1429,0.384,130.84,0.07114624506,0.43577215756490606,0.27171606215894145,0.07755807782109962,0.01938165976967269
"Dreiling, Dylan",Tennessee,260,0.45,0.39,0.234,0.1034,0.2759,0.355,107.33,0.07307692308,0.3942547000895255,0.20708484881436842,0.06433125671045714,0.006154838659030208
"Burke, Blake",Tennessee,280,0.439,0.449,0.23,0.0714,0.2143,0.5,122.71,0.06071428571,0.46456624888093107,0.20168615787810162,0.0713938620885391,0.013217444037112162
"Moore, Christian",Tennessee,292,0.449,0.397,0.229,0.1215,0.1822,0.318,109.2,0.09931506849,0.3831508504923904,0.207309577439753,0.06481974805749455,0.0066433300060676145
"Borba, Casey",Texas,101,0.371,0.379,0.232,0.0693,0.2574,0.327,104.54,0.0396039604,0.35801342882721576,0.19982084588200424,0.058893991218250535,0.0007175731668236027
"O'Dowd, Jack",Texas,128,0.272,0.295,0.198,0.0703,0.1953,0.214,82.33,0.0390625,0.2593469113697404,0.1714169460127029,0.04589680850513003,-0.0122796095462969
"Kennedy, Dee",Texas,162,0.329,0.31,0.142,0.1235,0.2593,0.273,86.48,0.02469135802,0.3020085049239033,0.12237957081915313,0.04607659081957374,-0.01209982723185319
"Galvan, Rylan",Texas,207,0.392,0.393,0.219,0.1304,0.2802,0.389,108.26,0.038647343,0.3912775290957924,0.18883515899153142,0.06277246087292965,0.004596042821502715
"Schuessler, Kimble",Texas,211,0.42,0.44,0.258,0.1137,0.1422,0.364,120.37,0.04739336493,0.40699194270367056,0.22277503704192664,0.06935488669456112,0.011178468643134189
"Brown, Porter",Texas,213,0.344,0.339,0.192,0.1362,0.2535,0.261,94.04,0.03755868545,0.31229901521933756,0.16616895444717716,0.05222036519259215,-0.005956052858834784
"Gasparin, Will",Texas,231,0.3,0.343,0.243,0.0476,0.329,0.331,94.96,0.05194805195,0.32658818263205014,0.21104565159643612,0.055119251305465244,-0.0030571667459616883
"Belyeu, Max",Texas,249,0.423,0.464,0.338,0.1084,0.1767,0.34,126.88,0.07228915663,0.4077923008057297,0.29355859571016946,0.07628512131846589,0.018108703267038957
"Flores, Jalin",Texas,278,0.408,0.45,0.316,0.0755,0.2014,0.372,123.23,0.06474820144,0.4100868397493285,0.2739769398315314,0.07327108599280391,0.015094667941376975
"Powell, Peyton",Texas,283,0.406,0.39,0.167,0.1201,0.1201,0.335,107.46,0.03180212014,0.37467905102954346,0.14438751056681723,0.058039469661502995,-0.0001369483899239382
"Thomas, Jared",Texas,291,0.434,0.458,0.286,0.1065,0.2062,0.406,125.32,0.05498281787,0.43251566696508514,0.247361275818765,0.0737271280661548,0.015550710014727874
"Targac, Ryan",Texas AM,69,0.304,0.293,0.136,0.1159,0.3333,0.324,81.81,0.01449275362,0.30726275738585496,0.11567733423284404,0.044803163121992215,-0.013373254929434718
"Kent, Kaeden",Texas AM,99,0.398,0.362,0.123,0.1515,0.1515,0.323,99.95,0.0202020202,0.358066696508505,0.10580654819153142,0.05262673018192549,-0.005549687869501441
"Chestnut, Travis",Texas AM,123,0.459,0.41,0.18,0.2033,0.2683,0.4,112.7,0.0243902439,0.420170993733214,0.15397352703196895,0.06442927809756044,0.006252860046133506
"Sorrell, Caden",Texas AM,184,0.375,0.403,0.297,0.125,0.2772,0.333,110.73,0.05434782609,0.369905102954342,0.2564152680192872,0.06740560191960998,0.009229183868183048
"Burton, Ted",Texas AM,245,0.453,0.428,0.221,0.1878,0.2,0.361,117.22,0.03673469388,0.41088495971351835,0.1901807497879746,0.06765206922930284,0.009475651177875903
"Appel, Jackson",Texas AM,249,0.422,0.423,0.222,0.1205,0.1004,0.328,115.89,0.04016064257,0.3884865711727843,0.19158650126259,0.06476781949721741,0.006591401445790478
"Camarillo, Ali",Texas AM,263,0.385,0.369,0.146,0.1065,0.1863,0.349,101.78,0.02661596958,0.36629095792300803,0.12603245221627382,0.0539809914174334,-0.004195426633993533
"Schott, Hayden",Texas AM,274,0.405,0.392,0.166,0.1095,0.1861,0.378,107.81,0.02554744526,0.39060966875559544,0.1425086411620466,0.058463978087263065,0.0002875600358361319
"Montgomery, Braden",Texas AM,295,0.454,0.503,0.411,0.1797,0.2,0.325,137.14,0.09152542373,0.4250850492390331,0.35756635527453073,0.0865488590747441,0.028372441023317173
"Grahovac, Gavin",Texas AM,295,0.407,0.442,0.317,0.1186,0.2847,0.381,121.12,0.07457627119,0.410180393912265,0.27645347655047986,0.07365986694171202,0.015483448890285086
"Laviolette, Jace",Texas AM,302,0.454,0.506,0.451,0.1854,0.2417,0.333,137.7,0.09271523179,0.4290434198746643,0.39107516579691604,0.09012458239433463,0.031948164342907696
"Mccollum, Letrey",UC Santa Barbara,148,0.4,0.356,0.063,0.1014,0.1554,0.39,98.44,0.0,0.38062041181736794,0.05246294989414256,0.04809012466144255,-0.010086293389984381
"Calvin, Reiss",UC Santa Barbara,152,0.409,0.351,0.116,0.1711,0.2434,0.301,97.13,0.01315789474,0.3492873769024172,0.09879916799815103,0.050295636706891446,-0.007880781344535487
"Sebring, Jonah",UC Santa Barbara,201,0.337,0.358,0.215,0.0547,0.2388,0.328,99.01,0.03482587065,0.3412864816472695,0.18486501859142557,0.05532614613511072,-0.002850271916316212
"Mendez, Jonathan",UC Santa Barbara,206,0.354,0.334,0.117,0.1019,0.1699,0.315,92.66,0.01941747573,0.3327757385854969,0.10067885797318986,0.04772412829807518,-0.010452289753351753
"Durfee, Brendan",UC Santa Barbara,209,0.455,0.446,0.217,0.1053,0.1483,0.385,121.97,0.04306220096,0.42654923903312447,0.18790807454306283,0.06753794346540436,0.009361525413977424
"Darby, Zander",UC Santa Barbara,223,0.347,0.338,0.145,0.0987,0.1794,0.309,93.74,0.0269058296,0.3300801253357207,0.1252481874489767,0.04979746262525979,-0.008378955426167144
"Parker, Aaron",UC Santa Barbara,224,0.46,0.471,0.253,0.1205,0.1696,0.42,128.67,0.05357142857,0.4495304386750224,0.21964462143337332,0.07353489295487832,0.015358474903451387
"Brethowr, Ivan",UC Santa Barbara,229,0.402,0.42,0.291,0.1092,0.1834,0.28,115.35,0.06550218341,0.3644923903312445,0.2532844159972971,0.0672427796964871,0.009066361645060174
"Brown, Jessada",UC Santa Barbara,238,0.429,0.431,0.21,0.0756,0.2437,0.444,118.09,0.04201680672,0.4351222023276634,0.18190401072169374,0.06582703854028311,0.007650620488856182
"Trimble, Justin",UC Santa Barbara,253,0.38,0.375,0.213,0.1067,0.2411,0.293,103.49,0.04743083004,0.346857654431513,0.18530776762136908,0.05737469528006174,-0.0008017227713651917
"Oakley, Nick",UC Santa Barbara,260,0.401,0.386,0.164,0.1038,0.1423,0.354,106.37,0.01923076923,0.3786857654431513,0.13978665653317573,0.05726984731598815,-0.0009065707354387817
"Van De Brake, Jackson",UNC,96,0.385,0.32,0.07,0.2083,0.2083,0.25,88.93,0.01041666667,0.31304834377797675,0.060034403670282295,0.04371149709183446,-0.014464920959592474
"Gallaher, Gavin",UNC,189,0.429,0.42,0.2,0.1376,0.2063,0.4,115.29,0.04232804233,0.41532318710832594,0.17362861399591392,0.06495259755266555,0.00677617950123862
"Wilkerson, Colby",UNC,242,0.38,0.345,0.104,0.0992,0.1942,0.355,95.6,0.00826446281,0.35844225604297225,0.08798777536059986,0.04882869734884528,-0.00934772070258165
"Stevenson, Luke",UNC,249,0.426,0.424,0.257,0.1807,0.2088,0.326,116.41,0.05220883534,0.38924888093106536,0.22274770217048698,0.06838711108391506,0.010210693032488123
"Harber, Parks",UNC,253,0.423,0.461,0.324,0.1265,0.2055,0.365,125.92,0.0790513834,0.4157251566696509,0.28303117704008474,0.07618019267383255,0.01800377462240562
"Osuna, Alberto",UNC,262,0.385,0.404,0.266,0.1298,0.1947,0.313,111.14,0.0534351145,0.3658679498657118,0.23044751032921668,0.06541709472878998,0.007240676677363049
"Madera, Alex",UNC,262,0.416,0.366,0.09,0.1565,0.1489,0.364,101.07,0.007633587786,0.3793348254252462,0.07622382519779958,0.05202826309494121,-0.00614815495648572
"Donofrio, Anthony",UNC,265,0.453,0.445,0.239,0.1623,0.1623,0.4,121.72,0.02641509434,0.4310335720680395,0.2034441618620889,0.07103835879240387,0.012861940740976942
"Honeycutt, Vance",UNC,279,0.408,0.462,0.378,0.1254,0.2796,0.358,126.32,0.08602150538,0.4093446732318711,0.32916520591041637,0.07934797522086212,0.02117155716943519
"Cook, Casey",UNC,284,0.438,0.455,0.277,0.1232,0.1761,0.37,124.51,0.06338028169,0.4195922112802149,0.2412710845169584,0.07250745156439652,0.014331033512969583
"Humphrey, Jacob",Vanderbilt,55,0.346,0.352,0.228,0.1455,0.2727,0.296,97.47,0.03636363636,0.33013428827215757,0.1959479053050953,0.05731254011878739,-0.000863877932639541
"Barczi, Colin",Vanderbilt,84,0.298,0.28,0.111,0.0833,0.3095,0.283,78.46,0.02380952381,0.2861410026857655,0.09641697751797461,0.03987586303653258,-0.018300555014894353
"Bulger, Jack",Vanderbilt,89,0.371,0.351,0.132,0.0787,0.1798,0.322,97.24,0.03370786517,0.3461723366159356,0.1155601722267396,0.04999703462701471,-0.008179383424412226
"Holcomb, Braden",Vanderbilt,119,0.345,0.354,0.214,0.1261,0.3613,0.375,98.04,0.04201680672,0.35903715308863027,0.18523499166735358,0.05770745003503699,-0.0004689680163899451
"Hewett, Calvin",Vanderbilt,151,0.419,0.381,0.131,0.0993,0.1523,0.351,105.09,0.01324503311,0.38087197851387644,0.11130492085184898,0.05427230943818259,-0.0039041086132443406
"Kozeal, Camden",Vanderbilt,167,0.349,0.347,0.155,0.0838,0.1916,0.327,95.96,0.02994011976,0.34035541629364374,0.13408313929648555,0.05129076602124341,-0.006885652030183521
"Laneve, Troy",Vanderbilt,177,0.384,0.39,0.245,0.1073,0.2712,0.351,107.4,0.03389830508,0.3742600716204118,0.2096922359237544,0.06257552141232305,0.004399103360896113
"Davis, Jayden",Vanderbilt,193,0.394,0.367,0.12,0.0933,0.1088,0.347,101.34,0.0103626943,0.3673831692032229,0.10166263835504588,0.05216841274195819,-0.006008005309468746
"Polk, Matthew",Vanderbilt,209,0.372,0.377,0.176,0.0335,0.1818,0.37,104.01,0.02392344498,0.37307206803939125,0.15056447174330273,0.05536321615659761,-0.002813201894829323
"Espinal, Alan",Vanderbilt,252,0.398,0.409,0.256,0.131,0.3135,0.4,112.48,0.05158730159,0.40266472694718003,0.22181100245365562,0.06707541117618884,0.00889899312476191
"Vastine, Jonathan",Vanderbilt,253,0.384,0.4,0.246,0.1028,0.2609,0.384,109.96,0.0395256917,0.3897367949865712,0.2114661883788991,0.06446891325047202,0.006292495199045088
"Diaz, Davis",Vanderbilt,265,0.35,0.331,0.137,0.1132,0.166,0.278,91.91,0.02641509434,0.3172430617726052,0.1185041477477629,0.04824653328137237,-0.009929884770054562
"Austin, Rj",Vanderbilt,277,0.402,0.384,0.136,0.083,0.1372,0.374,105.92,0.01805054152,0.38545658012533573,0.11627239120694426,0.05504356633537032,-0.0031328517160566158
"Becker, Eric",Virginia ,152,0.47,0.505,0.367,0.1293,0.194,0.392,137.47,0.05263157895,0.4544427036705462,0.31442038405868034,0.08394659715078152,0.02577017909935459
"Stephan, Anthony",Virginia ,167,0.432,0.421,0.186,0.1324,0.101,0.348,115.45,0.0119760479,0.3977873769024172,0.1568936650333804,0.06246701944588702,0.004290601394460088
"Hanson, Luke",Virginia ,178,0.393,0.283,0.0,0.25,0.125,0.2,79.41,0.0393258427,0.28401387645478965,0.006577434523570925,0.03711219651625849,-0.021064221535168445
"Whalen, Bobby",Virginia ,197,0.464,0.541,0.272,0.1538,0.1538,0.5,146.98,0.01015228426,0.5045805729632946,0.22820472220862387,0.0815871022710544,0.023410684219627463
"Godbout, Henry",Virginia ,203,0.465,0.716,0.9,0.0909,0.1818,0.2,193.03,0.04433497537,0.4595058191584602,0.756885948597523,0.13002378495147907,0.07184736690005214
"Ference, Jacob",Virginia ,232,0.466,0.482,0.3,0.1118,0.1842,0.407,131.47,0.07327586207,0.4504767233661594,0.26207930791149614,0.07766726362552025,0.019490845574093314
"Ford, Henry",Virginia ,278,0.414,0.395,0.0,0.25,0.25,0.5,108.54,0.06115107914,0.43817681289167415,0.0102278092845307,0.05283471124945309,-0.005341706801973843
"Didawick, Harrison",Virginia ,279,0.422,0.416,0.23,0.089,0.1886,0.378,114.24,0.08243727599,0.40399373321396603,0.20531943148174314,0.06593100026932833,0.007754582217901394
"Saucke, Casey",Virginia ,281,0.4,0.463,0.364,0.1434,0.2366,0.324,126.44,0.0462633452,0.39520277529095793,0.3108570309191249,0.07691216727036337,0.01873574921893644
"Anderson, Ethan",Virginia ,287,0.436,0.392,0.145,0.1617,0.1497,0.356,107.85,0.02787456446,0.3913965980304387,0.1254102129689626,0.05864409780418635,0.0004676797527594159
"O'Ferrall, Griff",Virginia ,308,0.375,0.366,0.136,0.0682,0.0714,0.339,101.0,0.01623376623,0.358800805729633,0.11596852688532817,0.05251650693938462,-0.00565991111204231
"Morales, Antonio",Wake Forest,101,0.406,0.396,0.2,0.1386,0.1485,0.328,108.87,0.0297029703,0.37430796777081476,0.1715170105582922,0.060988979268800314,0.0028125612173733813
"Ballestero, Tate",Wake Forest,103,0.379,0.345,0.169,0.165,0.3786,0.342,95.61,0.01941747573,0.3534767233661594,0.14398161026676784,0.05361169514258824,-0.004564722908838692
"Hawke, Austin",Wake Forest,126,0.336,0.324,0.163,0.1349,0.2619,0.286,90.11,0.03174603175,0.313680393912265,0.14104714857074807,0.049594593136638165,-0.008581824914788767
"Nelson, Cameron",Wake Forest,137,0.353,0.28,0.039,0.2117,0.2263,0.23,78.5,0.0,0.2825040286481647,0.03247706422018349,0.037331186382265735,-0.020845231669161197
"Williams, Javar",Wake Forest,149,0.395,0.326,0.061,0.1812,0.1678,0.289,90.65,0.0,0.3320640107430618,0.050797459421312634,0.04460498187288388,-0.013571436178543055
"Gill, Cameron",Wake Forest,151,0.327,0.316,0.159,0.0993,0.2318,0.264,88.02,0.02649006623,0.300354521038496,0.1368370823546295,0.0471001663490275,-0.011076251702399433
"Kurtz, Nick",Wake Forest,260,0.531,0.548,0.457,0.3,0.1615,0.279,148.84,0.08461538462,0.4462896150402865,0.39471689919191255,0.09654735245665508,0.038370934405228145
"Houston, Marek",Wake Forest,264,0.433,0.417,0.19,0.1439,0.125,0.356,114.38,0.0303030303,0.39951700984780664,0.1632899210875794,0.06333705040337624,0.005160632351949308
"Winnay, Jack",Wake Forest,268,0.393,0.437,0.352,0.1381,0.2276,0.313,119.75,0.07462686567,0.37994897045658016,0.30560802199279463,0.07465628846317665,0.01647987041174972
"Reinisch, Jake",Wake Forest,271,0.419,0.448,0.326,0.1439,0.2214,0.345,122.45,0.06642066421,0.4027327663384065,0.2825841195608822,0.07497982188589357,0.016803403834466636
"King, Seaver",Wake Forest,284,0.377,0.414,0.269,0.088,0.1197,0.302,113.68,0.05633802817,0.36324082363473587,0.2334312721780452,0.06525299288657094,0.007076574835144005
"Tellier, Adam",Wake Forest,291,0.415,0.409,0.208,0.1134,0.2165,0.371,112.27,0.04467353952,0.39699373321396597,0.18068287146523643,0.06288981512359675,0.004713397072169813
"Perazza, Michael",West Virginia,67,0.313,0.305,0.113,0.0597,0.2388,0.333,85.06,0.01492537313,0.3173384064458371,0.09659655146916726,0.04357378527686856,-0.014602632774558373
"Jamison, Aaron",West Virginia,88,0.329,0.333,0.189,0.0909,0.3977,0.389,92.38,0.03409090909,0.3520546105640108,0.16309071662267466,0.053194592413646956,-0.004981825637779977
"Barnett, Spencer",West Virginia,129,0.378,0.336,0.097,0.155,0.2636,0.366,93.09,0.01550387597,0.3586168307967771,0.08336938504226535,0.04900535651241976,-0.009171061539007173
"Garcia, Ellis",West Virginia,130,0.294,0.272,0.07,0.0615,0.1,0.262,76.32,0.007692307692,0.2745810205908684,0.05957874165349613,0.03680775606032909,-0.02136866199109784
"Wetherholt, J.J.",West Virginia,155,0.487,0.497,0.276,0.1935,0.0968,0.333,135.5,0.05161290323,0.4350931065353626,0.23847018917820045,0.07684193594237604,0.018665517890949106
"Kresser, Brodie",West Virginia,174,0.409,0.378,0.15,0.1034,0.1494,0.318,104.31,0.02298850575,0.3650940017905103,0.12875672255663373,0.05451934159278892,-0.0036570764586380117
"King, Skylar",West Virginia,176,0.349,0.343,0.156,0.0739,0.1193,0.282,95.0,0.02840909091,0.3227059086839749,0.13465981266455188,0.05006128312201193,-0.008115134929415
"Sauve, Logan",West Virginia,198,0.381,0.383,0.183,0.0859,0.1414,0.333,105.59,0.0404040404,0.36442076991942707,0.15915014648892026,0.057257540903840824,-0.0009188771475861085
"Lumsden, Ben",West Virginia,203,0.38,0.368,0.186,0.1527,0.2759,0.352,101.46,0.03448275862,0.36560787824529994,0.16065801961393086,0.057661551288835274,-0.0005148667625916592
"West, Kyle",West Virginia,213,0.333,0.366,0.254,0.0939,0.2911,0.304,101.0,0.05633802817,0.33438227394807524,0.22094009363182077,0.05875828950147666,0.0005818714500497243
"Hussey, Grant",West Virginia,215,0.343,0.365,0.257,0.0791,0.2744,0.283,100.89,0.05581395349,0.3292676812891674,0.22335067535436134,0.05825762725022308,8.120919879614497e-05
"Chumley, Reed",West Virginia,226,0.407,0.445,0.342,0.1239,0.2743,0.374,121.77,0.06637168142,0.4087336615935542,0.29589985073856034,0.07581771038544723,0.017641292334020293
"White, Sam",West Virginia,250,0.407,0.399,0.198,0.12,0.216,0.37,109.74,0.04,0.3907990152193375,0.1715737473535639,0.06144061796847211,0.0032641999170451783
